{
  "beta": [
    0.0,
    0.0007144925670423572,
    0.001035523113286002,
    0.0014382359758063552,
    Infinity
  ],
  "baseline_mean": 0.0011387744505879152,
  "baseline_std": 0.0005990523606326698
}