{
  "detection_times": [
    51,
    50,
    50,
    55,
    53,
    50,
    63,
    60,
    51,
    63,
    58,
    52,
    55,
    51,
    51,
    56,
    104,
    55,
    51,
    50,
    57,
    52,
    57,
    56,
    51,
    53,
    72,
    54,
    75,
    61,
    52,
    53,
    51,
    65,
    52,
    60,
    54,
    54,
    55,
    59,
    51,
    56,
    56,
    53,
    50,
    61,
    52,
    62,
    51,
    59
  ],
  "metrics": {
    "n_trials": 50,
    "false_alarms": 0,
    "detections_within_bound": 41,
    "misses": 9,
    "precision": 0.9999999999756098,
    "recall": 0.8199999999836001,
    "fscore": 0.9010989005839876,
    "avg_delay": 3.5853658536585367
  }
}