{
  "detection_times": [
    52,
    54,
    64,
    53,
    50,
    56,
    50,
    52,
    51,
    52,
    82,
    53,
    61,
    68,
    50,
    65,
    62,
    52,
    51,
    71,
    51,
    53,
    62,
    55,
    50,
    70,
    89,
    76,
    58,
    50,
    52,
    59,
    69,
    60,
    60,
    53,
    68,
    77,
    54,
    63,
    52,
    63,
    51,
    64,
    62,
    57,
    51,
    59,
    59,
    54
  ],
  "metrics": {
    "n_trials": 50,
    "false_alarms": 0,
    "detections_within_bound": 32,
    "misses": 18,
    "precision": 0.9999999999687501,
    "recall": 0.6399999999872,
    "fscore": 0.7804878043831054,
    "avg_delay": 3.5625
  }
}