{
  "detection_times": [
    50,
    51,
    50,
    50,
    50,
    60,
    69,
    70,
    50,
    69,
    56,
    56,
    50,
    51,
    56,
    56,
    71,
    68,
    62,
    64,
    69,
    72,
    52,
    52,
    54,
    58,
    67,
    63,
    58,
    55,
    61,
    72,
    74,
    51,
    65,
    58,
    73,
    58,
    78,
    68,
    71,
    59,
    59,
    50,
    59,
    55,
    52,
    50,
    73,
    54
  ],
  "metrics": {
    "n_trials": 50,
    "false_alarms": 0,
    "detections_within_bound": 30,
    "misses": 20,
    "precision": 0.9999999999666667,
    "recall": 0.599999999988,
    "fscore": 0.7499999995125001,
    "avg_delay": 4.0
  }
}